ner_state_name,gen_edu_category,gender,sample_size,fe_rate,fe_rate_se,ur,ur_se
Arunachal Pradesh,Not Literate,Female,12,49.30244191442786,18.967721805183558,0,0
Arunachal Pradesh,Not Literate,Male,3,15.039312109787073,17.38544234581129,0,0
Arunachal Pradesh,Below Primary,Female,27,10.148749251773342,7.298368409941284,0,0
Arunachal Pradesh,Below Primary,Male,26,3.783908755620973,3.9496470699537,0,0
Arunachal Pradesh,Primary or Middle,Female,148,8.263982501623754,4.190614096794816,8.913813873420022,3.6436959089311243
Arunachal Pradesh,Primary or Middle,Male,238,15.108724912192093,5.703031615775545,9.222389524389193,2.815992307963827
Arunachal Pradesh,Matriculation,Female,51,9.145115384575272,6.362978266361878,12.725807410435769,7.093196158418367
Arunachal Pradesh,Matriculation,Male,76,15.756089874835261,5.380955456570499,6.878786689492297,3.6430077928667206
Arunachal Pradesh,HS or Diploma,Female,50,11.986929229496232,4.3906044059791185,16.788818465222867,4.634841178284748
Arunachal Pradesh,HS or Diploma,Male,94,29.202333596642283,7.9193531715256436,24.89566004291633,4.752453466534554
Arunachal Pradesh,UG,Female,95,19.373106591851112,5.118804367071463,55.991477100899054,9.663887606374882
Arunachal Pradesh,UG,Male,136,16.063445702959623,4.181866835646624,69.04378231389998,5.6543481381465615
Arunachal Pradesh,PG and above,Female,26,8.894652887121797,6.806344665583759,91.1053471128782,6.806344665583759
Arunachal Pradesh,PG and above,Male,31,8.769217437028791,6.684401675796403,85.34843653380375,7.852430367914651
Assam,Not Literate,Female,10,41.501125103133106,18.0127722002687,0,0
Assam,Not Literate,Male,17,29.48488097055738,14.875547331193323,0,0
Assam,Below Primary,Female,22,27.022063419339414,16.531823367442325,4.53369988202919,4.0325548145336345
Assam,Below Primary,Male,39,10.821645843888746,6.57391012335465,3.9460397447360935,3.4987278794425016
Assam,Primary or Middle,Female,165,25.621108609768022,10.903495979557599,18.642465566088866,5.072730229176923
Assam,Primary or Middle,Male,591,17.15965401019104,2.8582918102867647,11.67617604763115,2.352620157166073
Assam,Matriculation,Female,67,13.861189128457985,4.794763072713688,29.456890291836263,7.601514698164362
Assam,Matriculation,Male,189,25.128326483778107,5.0690326287943295,20.561058039703596,4.648994688156173
Assam,HS or Diploma,Female,92,23.68738241701807,8.142538071100331,31.3572764147431,8.189789149734297
Assam,HS or Diploma,Male,217,25.389627970835637,4.02293189470879,29.00710247527521,5.209409202427675
Assam,UG,Female,102,25.16448043730324,5.38692702066089,55.93808766354418,8.143413029066142
Assam,UG,Male,180,21.9650750291019,3.66040950890577,48.905155392103964,5.54867332981
Assam,PG and above,Female,16,44.855519664131805,15.107235173927394,53.19481998293578,15.117445976583832
Assam,PG and above,Male,16,72.66181266728054,13.408129960357847,22.844479386610526,12.09000069112441
Manipur,Not Literate,Female,4,0,0,100,0
Manipur,Not Literate,Male,3,0,0,0,0
Manipur,Below Primary,Female,1,0,0,0,0
Manipur,Primary or Middle,Female,156,1.4994324431078188,0.6532531354395563,15.381160490174462,4.319298928472827
Manipur,Primary or Middle,Male,148,14.401729639811892,3.3795183110648193,9.257472297735017,2.915845203298737
Manipur,Primary or Middle,Others,1,0,0,0,0
Manipur,Matriculation,Female,45,2.280758902562128,1.5752093303750099,13.5272426065487,6.422224718527526
Manipur,Matriculation,Male,53,8.977387901700432,3.686944687340859,9.827330640502362,7.2842742706083445
Manipur,HS or Diploma,Female,52,12.663460559335718,7.508538856137682,9.691787076504918,3.208071218946218
Manipur,HS or Diploma,Male,82,18.058138446967032,4.658783909323176,19.863433884199093,7.074272664249065
Manipur,UG,Female,99,17.646458697783714,5.369938212404761,53.13463931805501,8.814458309672208
Manipur,UG,Male,128,44.66065473655797,6.5328831967549625,38.485882345283905,5.714029404676497
Manipur,PG and above,Female,20,56.41218891950348,12.032871848610332,40.83667519907006,11.779360577975265
Manipur,PG and above,Male,10,78.28783707997803,15.993137747410529,11.565861946421753,10.139837046748976
Meghalaya,Not Literate,Female,3,6.52652263041731,7.744546251584941,0,0
Meghalaya,Not Literate,Male,8,2.8457970453852512,3.1425228790434447,18.694645268312417,17.75923466000578
Meghalaya,Below Primary,Female,18,15.67967850303518,12.578866731469486,17.578026558633507,12.606306028606399
Meghalaya,Below Primary,Male,70,2.2236353141976575,1.224724000887184,0.8755446655102346,0.79303206032837
Meghalaya,Primary or Middle,Female,188,3.142831535166436,1.0897054726307407,23.12171117774203,5.453539884471528
Meghalaya,Primary or Middle,Male,293,6.4323542087739325,2.0054454237682373,10.986890528822087,2.6624041356994925
Meghalaya,Matriculation,Female,47,8.234687269532502,3.687243241231137,45.789014138763186,8.300343856397845
Meghalaya,Matriculation,Male,60,43.285994841510934,10.09369534448233,8.265961599174112,2.9623471517628395
Meghalaya,HS or Diploma,Female,60,23.236088172832673,7.551326239948184,46.82914169573747,9.130692548924825
Meghalaya,HS or Diploma,Male,57,15.958256233699283,5.103242966330076,30.39940776327817,8.77253049821658
Meghalaya,UG,Female,69,20.9614124735675,5.095337308789052,66.01725751583204,7.498506997701121
Meghalaya,UG,Male,56,37.152712997386104,7.489399679889859,43.447229992257775,8.341282095119421
Meghalaya,PG and above,Female,19,17.054335522765907,9.102476730556011,82.94566447723409,9.102476730556011
Meghalaya,PG and above,Male,7,12.163878928635267,11.801446983692342,71.26726416192113,18.745240610326636
Mizoram,Not Literate,Female,3,0,0,0,0
Mizoram,Not Literate,Male,7,0,0,0,0
Mizoram,Below Primary,Male,3,0,0,17.942595390088204,20.821788856356342
Mizoram,Primary or Middle,Female,59,4.365025278207063,2.9199888167614456,1.916647370134841,1.9421172839996421
Mizoram,Primary or Middle,Male,90,2.1822878380137114,1.3691193419006622,7.70651192117085,5.452630090101136
Mizoram,Matriculation,Female,17,0,0,2.8018526161324346,2.859096729045967
Mizoram,Matriculation,Male,27,14.423472799202584,6.882004224950588,13.421010271110259,7.428254845150489
Mizoram,HS or Diploma,Female,13,12.413182516384708,9.413329701108884,29.827331139545144,11.87707370220217
Mizoram,HS or Diploma,Male,30,37.80309586531114,13.88730484759825,2.575062247343062,2.629662556076466
Mizoram,UG,Female,33,40.429641938840504,10.72037437573428,17.505998556094625,7.187202929120344
Mizoram,UG,Male,37,60.00308518828973,11.906483060818186,30.465410073924797,11.408754362919279
Mizoram,PG and above,Female,12,39.8682004248745,16.463077005193323,54.624999240985716,18.376805185241846
Mizoram,PG and above,Male,15,40.46908104584295,15.55321576313737,59.53091895415707,15.553215763137368
Nagaland,Not Literate,Female,2,0,0,100,0
Nagaland,Not Literate,Male,2,0,0,100,0
Nagaland,Below Primary,Female,2,0,0,0,0
Nagaland,Below Primary,Male,8,0,0,0,0
Nagaland,Primary or Middle,Female,100,5.112321904882002,2.4204425663543128,15.660573011204887,6.674383732225325
Nagaland,Primary or Middle,Male,124,20.612177371839675,7.250528643021148,15.974770675442809,5.578587596656431
Nagaland,Matriculation,Female,35,5.952675435502264,3.6191074881541345,33.037366527385714,11.73613559231729
Nagaland,Matriculation,Male,59,11.011860766506121,7.061607994586281,44.66652559947876,8.216332453802494
Nagaland,HS or Diploma,Female,27,31.71350224743505,13.382762003427226,40.01860276302268,11.363547670964916
Nagaland,HS or Diploma,Male,37,21.154618829298027,9.924224640849657,45.80214356083573,9.855414555284666
Nagaland,UG,Female,46,8.890219718866842,3.961832549902137,79.77495275882116,8.231007294376205
Nagaland,UG,Male,50,8.974698109358375,3.998983391519164,83.76702041559675,5.039732254072876
Nagaland,PG and above,Female,12,14.566033014502189,9.710764041399473,76.98310777754429,13.319887032411943
Nagaland,PG and above,Male,13,6.652816771209194,6.620300590287455,90.907003880093,7.192257333486582
Sikkim,Not Literate,Female,3,100,0,0,0
Sikkim,Not Literate,Male,4,13.634370889960545,13.793540448063915,0,0
Sikkim,Below Primary,Female,2,100,0,0,0
Sikkim,Below Primary,Male,4,92.24528319746003,8.734782728436398,0,0
Sikkim,Primary or Middle,Female,43,27.000709711256487,11.630046775663397,4.865746695250926,3.254613055045123
Sikkim,Primary or Middle,Male,84,55.09101788369585,7.627385982143696,2.118927710402318,1.282625264859022
Sikkim,Matriculation,Female,15,8.922380323257464,7.627530782439523,17.298993152239873,9.613387699935295
Sikkim,Matriculation,Male,33,48.19366277781847,10.150948776695945,10.292439205675045,5.4895943310538575
Sikkim,HS or Diploma,Female,44,66.58823616872593,9.01395695381325,11.68580627633217,5.838691042250614
Sikkim,HS or Diploma,Male,31,70.21134010540374,9.474680098810309,6.9699468306849806,3.530147287284547
Sikkim,UG,Female,47,65.90751507005156,9.98648775501528,22.15422608352243,7.7775635226261945
Sikkim,UG,Male,50,87.93473209312825,5.471422120514053,5.175892567870106,3.88511819678332
Sikkim,PG and above,Female,15,64.91250653606512,9.866010018351206,20.356200580362664,7.651192562494794
Sikkim,PG and above,Male,11,88.03741572074765,9.864405650678254,8.983186822565504,9.15653408093626
Tripura,Below Primary,Female,7,0,0,0,0
Tripura,Below Primary,Male,9,0,0,11.0011742485503,10.844699728229694
Tripura,Primary or Middle,Female,55,3.1299608463937636,1.8623226872701883,0,0
Tripura,Primary or Middle,Male,186,4.6898356619987345,1.5080689742271158,1.8905472457215675,1.1120500896470344
Tripura,Matriculation,Female,18,11.058662218822244,7.84073096409021,0,0
Tripura,Matriculation,Male,70,27.99713389793,7.586688755634835,3.446712424555072,2.498641943216956
Tripura,HS or Diploma,Female,22,33.937735755134895,14.262611003524944,11.941097718834474,6.705797390872012
Tripura,HS or Diploma,Male,75,37.76788582894907,8.2315100154784009,8.149449686717055,3.870000120933791
Tripura,UG,Female,63,32.670767526038304,6.608685093028434,31.00917244421712,7.508869853113842
Tripura,UG,Male,127,27.290033565661076,5.788291959745572,26.572667919031684,9.191423932958065
Tripura,PG and above,Female,19,19.230258243536817,9.588014378149271,51.151387862967255,14.757775397840355
Tripura,PG and above,Male,13,27.3949211624822,14.986570137953079,27.811735506902668,14.43252922138329
